id,date,receipts,kind,zinzendorf,double,notes,created_at,updated_at
1,02/26/1789,14597,regular,0,0,"Zinzendorf at concert given by Prince Galizin.Ash Wednesday was 25 Feb, the previous day.",1/4/2015,1/9/2015
2,02/27/1789,0,concert,1,0,Pasticcio concert for for the benefit of the opera company.,1/4/2015,1/9/2015
3,02/28/1789,0,concert,1,0,,1/4/2015,1/9/2015
4,03/01/1789,38216,regular,1,0,Premiere,1/4/2015,1/8/2015
5,03/02/1789,29500,regular,0,0,,1/4/2015,1/8/2015
6,03/03/1789,12065,regular,1,0,,1/4/2015,1/8/2015
7,03/04/1789,0,concert,1,0,For the benefit of Lorenzo da Ponte,1/4/2015,1/9/2015
8,03/05/1789,30428,regular,0,0,,1/4/2015,1/8/2015
9,03/06/1789,0,concert,1,0,Benefit for Luisa Laschi,1/4/2015,1/9/2015
10,03/07/1789,0,concert,1,0,Benefit for Adriana Ferrarese,1/4/2015,1/9/2015
11,03/08/1789,36052,regular,1,0,,1/4/2015,1/8/2015
12,03/09/1789,10633,regular,1,0,Final performance,1/4/2015,1/8/2015
13,03/10/1789,7793,regular,1,0,,1/4/2015,1/8/2015
14,03/11/1789,0,concert,0,0,,1/4/2015,1/9/2015
15,03/12/1789,17021,regular,0,0,,1/4/2015,1/8/2015
16,03/13/1789,0,concert,1,0,,1/4/2015,1/9/2015
17,03/14/1789,0,concert,1,0,,1/4/2015,1/9/2015
18,03/15/1789,19359,regular,1,0,,1/4/2015,1/8/2015
19,03/16/1789,9945,regular,0,1,,1/4/2015,1/9/2015
20,03/17/1789,25901,regular,0,0,,1/4/2015,1/8/2015
21,03/18/1789,0,unknown,?,0,No known event in the Burgtheater.  Hadamowsky lists the theater as closed.,1/4/2015,1/9/2015
22,03/19/1789,34342,regular,0,0,Zinzendorf at French plays at Schoenborn's.,1/4/2015,1/9/2015
23,03/20/1789,0,unknown,?,0,Hadamowsky lists the theater as closed.,1/4/2015,1/9/2015
24,03/21/1789,0,unknown,?,0,Hadamowsky lists the theater as closed.,1/4/2015,1/9/2015
25,03/22/1789,32177,regular,0,0,,1/4/2015,1/8/2015
26,03/23/1789,10131,regular,1,0,,1/4/2015,1/8/2015
27,03/24/1789,16787,regular,0,0,,1/4/2015,1/8/2015
28,03/25/1789,0,concert,1,0,"Concert given by Johann Went, oboe.",1/4/2015,1/9/2015
29,03/26/1789,34794,regular,1,0,,1/4/2015,1/8/2015
30,03/27/1789,0,concert,?,0,"Concert given by Franz Joseph Clement, violin.",1/4/2015,1/9/2015
31,03/28/1789,0,concert,?,0,Concert given by Madame Distler (Elisabeth or Franziska?),1/4/2015,1/9/2015
32,03/29/1789,33251,regular,1,0,Premiere,1/4/2015,1/8/2015
33,03/30/1789,18961,regular,0,0,Zinzendorf at French plays at Schoenborn's,1/4/2015,1/9/2015
34,03/31/1789,7830,regular,0,1,,1/4/2015,1/8/2015
35,04/01/1789,0,concert,?,0,Concert of the Tonkünstler-Societät.,1/4/2015,1/9/2015
36,04/02/1789,27307,regular,0,0,Zinzendorf hears Torquato Tasso at Colalto's,1/4/2015,1/9/2015
37,04/03/1789,0,unknown,?,0,Hadamowsky lists theater as closed.,1/4/2015,1/9/2015
38,04/04/1789,0,unknown,?,0,Hadamowsky lists theater as closed.,1/4/2015,1/9/2015
39,04/05/1789,0,concert,?,0,Concert of the Tonkünstler-Societät,1/4/2015,1/9/2015
40,04/06/1789,0,closed,0,0,,1/4/2015,1/9/2015
41,04/07/1789,0,closed,0,0,,1/4/2015,1/9/2015
42,04/08/1789,0,closed,0,0,,1/4/2015,1/9/2015
43,04/09/1789,0,closed,0,0,,1/4/2015,1/9/2015
44,04/10/1789,0,closed,0,0,,1/4/2015,1/9/2015
45,04/11/1789,0,closed,0,0,,1/4/2015,1/9/2015
46,04/12/1789,0,closed,0,0,Easter,1/4/2015,1/9/2015
47,04/13/1789,24929,regular,0,0,Premiere,1/4/2015,1/8/2015
48,04/14/1789,15454,regular,0,0,This performance not listed in Michtner,1/4/2015,1/8/2015
49,04/15/1789,9002,regular,0,0,Final Performance,1/4/2015,1/8/2015
50,04/16/1789,0,closed,0,0,Due to illness of the Emperor,1/4/2015,1/9/2015
51,04/17/1789,0,closed,0,0,,1/4/2015,1/9/2015
52,04/18/1789,0,closed,0,0,,1/4/2015,1/9/2015
53,04/19/1789,13138,regular,0,0,,1/4/2015,1/8/2015
54,04/20/1789,6985,regular,1,0,,1/4/2015,1/8/2015
55,04/21/1789,17987,regular,0,0,,1/4/2015,1/8/2015
56,04/22/1789,4545,regular,1,0,,1/4/2015,1/8/2015
57,04/23/1789,5598,regular,1,0,,1/4/2015,1/8/2015
58,04/24/1789,5342,regular,0,0,,1/4/2015,1/8/2015
59,04/25/1789,11592,regular,0,0,,1/4/2015,1/8/2015
60,04/26/1789,5791,regular,0,0,,1/4/2015,1/8/2015
61,04/27/1789,7926,regular,0,0,,1/4/2015,1/8/2015
62,04/28/1789,25139,regular,1,0,Viennese premiere,1/4/2015,1/8/2015
63,04/29/1789,9956,regular,0,0,,1/4/2015,1/8/2015
64,04/30/1789,6897,regular,0,0,,1/4/2015,1/8/2015
65,05/01/1789,5918,regular,1,0,Ländliches Sittengemälde.  Receipts missing,1/4/2015,1/8/2015
66,05/02/1789,4268,regular,1,0,,1/4/2015,1/8/2015
67,05/03/1789,4048,regular,1,0,,1/4/2015,1/8/2015
68,05/04/1789,2400,regular,1,0,,1/4/2015,1/8/2015
69,05/05/1789,5135,regular,0,0,,1/4/2015,1/8/2015
70,05/06/1789,4515,regular,0,0,,1/4/2015,1/8/2015
71,05/07/1789,7585,regular,0,0,,1/4/2015,1/8/2015
72,05/08/1789,4609,regular,0,0,,1/4/2015,1/8/2015
73,05/09/1789,17661,regular,1,0,Premiere,1/4/2015,1/8/2015
74,05/10/1789,3130,regular,0,0,,1/4/2015,1/8/2015
75,05/11/1789,5705,regular,0,0,Final performance,1/4/2015,1/8/2015
76,05/12/1789,14905,regular,1,0,Viennese premiere,1/4/2015,1/8/2015
77,05/13/1789,9822,regular,1,0,,1/4/2015,1/8/2015
78,05/14/1789,2551,regular,1,0,,1/4/2015,1/8/2015
79,05/15/1789,4350,regular,0,1,Final performance of Der Fabrikant.,1/4/2015,1/9/2015
80,05/16/1789,15532,regular,0,0,,1/4/2015,1/8/2015
81,05/17/1789,14132,regular,1,0,,1/4/2015,1/8/2015
82,05/18/1789,10451,regular,1,0,,1/4/2015,1/8/2015
83,05/19/1789,7390,regular,0,0,,1/4/2015,1/8/2015
84,05/20/1789,2863,regular,0,0,Zinzendorf at Theater in der Leopoldstadt,1/4/2015,1/8/2015
85,05/21/1789,7348,regular,0,0,,1/4/2015,1/8/2015
86,05/22/1789,2794,regular,0,0,,1/4/2015,1/8/2015
87,05/23/1789,16892,regular,0,0,Premiere,1/4/2015,1/8/2015
88,05/24/1789,14138,regular,0,0,First performance since 28 January 1789,1/4/2015,1/8/2015
89,05/25/1789,3392,regular,0,0,Zinzendorf at fireworks display,1/4/2015,1/8/2015
90,05/26/1789,6430,regular,1,0,,1/4/2015,1/8/2015
91,05/27/1789,18676,regular,1,0,,1/4/2015,1/8/2015
92,05/28/1789,8937,regular,1,0,,1/4/2015,1/8/2015
93,05/29/1789,10311,regular,0,0,Receipts Missing,1/4/2015,1/8/2015
94,05/30/1789,2641,regular,0,0,Final performance until 1795,1/4/2015,1/8/2015
95,05/31/1789,0,closed,0,0,Pfingstsonntag (Pentecost),1/4/2015,1/9/2015
96,06/01/1789,13623,regular,0,0,,1/4/2015,1/8/2015
97,06/02/1789,11379,regular,1,0,,1/4/2015,1/8/2015
98,06/03/1789,5153,regular,0,0,,1/4/2015,1/8/2015
99,06/04/1789,4982,regular,0,0,,1/4/2015,1/8/2015
100,06/05/1789,7134,regular,0,0,Familiengemälde,1/4/2015,1/8/2015
101,06/06/1789,8532,regular,1,0,,1/4/2015,1/8/2015
102,06/07/1789,16685,regular,0,1,Premiere of Komedie in der Komedie.,1/4/2015,1/9/2015
103,06/08/1789,4362,regular,0,0,,1/4/2015,1/8/2015
104,06/09/1789,12739,regular,0,1,,1/4/2015,1/8/2015
105,06/10/1789,4778,regular,1,0,,1/4/2015,1/8/2015
106,06/11/1789,0,closed,0,0,Corpus Christi,1/4/2015,1/9/2015
107,06/12/1789,10017,regular,0,0,,1/4/2015,1/8/2015
108,06/13/1789,8849,regular,0,0,First performance since 31 July 1788,1/4/2015,1/8/2015
109,06/14/1789,12800,regular,0,0,Premiere. Zinzendorf out of town.,1/4/2015,1/8/2015
110,06/15/1789,6485,regular,1,0,,1/4/2015,1/8/2015
111,06/16/1789,9510,regular,0,0,,1/4/2015,1/8/2015
112,06/17/1789,4757,regular,1,0,,1/4/2015,1/8/2015
113,06/18/1789,8354,regular,0,0,"Zinzendorf out of town, 18 June - 7 July",1/4/2015,1/8/2015
114,06/19/1789,2620,regular,0,0,,1/4/2015,1/8/2015
115,06/20/1789,3908,regular,0,0,,1/4/2015,1/8/2015
116,06/21/1789,3720,regular,0,0,,1/4/2015,1/8/2015
117,06/22/1789,5366,regular,0,0,,1/4/2015,1/8/2015
118,06/23/1789,9646,regular,0,0,,1/4/2015,1/8/2015
119,06/24/1789,4142,regular,0,1,"Mozart's ""Thamos"" music used in Frankfurt Lanassa",1/4/2015,1/9/2015
120,06/25/1789,4990,regular,0,0,,1/4/2015,1/8/2015
121,06/26/1789,3282,regular,0,0,,1/4/2015,1/8/2015
122,06/27/1789,24655,regular,0,0,First performance since 2 February 1789,1/4/2015,1/8/2015
123,06/28/1789,16077,regular,0,0,Premiere,1/4/2015,1/8/2015
124,06/29/1789,28869,regular,0,0,,1/4/2015,1/8/2015
125,06/30/1789,12477,regular,0,0,Final performance,1/4/2015,1/8/2015
126,07/01/1789,16388,regular,0,0,,1/4/2015,1/8/2015
127,07/02/1789,0,closed,0,0,Listed as closed in Hadamowsky.Visitation of the Virgin Mary = 2 Jul.  Unknown if this is a reason for closure.,1/4/2015,1/9/2015
128,07/03/1789,5232,regular,0,0,,1/4/2015,1/8/2015
129,07/04/1789,0,closed,0,0,Listed as closed in Hadamowsky.,1/4/2015,1/9/2015
130,07/05/1789,9814,regular,0,0,,1/4/2015,1/8/2015
131,07/06/1789,0,closed,0,0,Listed as closed in Hadamowsky.,1/4/2015,1/9/2015
132,07/07/1789,4728,regular,0,0,,1/4/2015,1/8/2015
133,07/08/1789,0,closed,0,0,Listed as closed in Hadamowsky.,1/4/2015,1/9/2015
134,07/09/1789,1986,regular,0,0,,1/4/2015,1/8/2015
135,07/10/1789,0,closed,0,0,Listed as closed in Hadamowsky.,1/4/2015,1/9/2015
136,07/11/1789,10614,regular,1,0,,1/4/2015,1/8/2015
137,07/12/1789,0,concert,0,0,Listed as closed in Hadamowsky.,1/4/2015,1/9/2015
138,07/13/1789,2452,regular,0,0,,1/4/2015,1/8/2015
139,07/14/1789,0,closed,0,0,Listed as closed in Hadamowsky.,1/4/2015,1/9/2015
140,07/15/1789,18073,regular,1,0,New run. First performance since 31 October 1783,1/4/2015,1/8/2015
141,07/16/1789,0,closed,0,0,Listed as closed in Hadamowsky.,1/4/2015,1/9/2015
142,07/17/1789,5898,regular,1,0,,1/4/2015,1/8/2015
143,07/18/1789,0,closed,0,0,Listed as closed in Hadamowsky.,1/4/2015,1/9/2015
144,07/19/1789,13417,regular,1,0,,1/4/2015,1/8/2015
145,07/20/1789,0,closed,0,0,Listed as closed in Hadamowsky.,1/4/2015,1/9/2015
146,07/21/1789,13721,regular,1,0,,1/4/2015,1/8/2015
147,07/22/1789,0,closed,0,0,Listed as closed in Hadamowsky.,1/4/2015,1/9/2015
148,07/23/1789,6712,regular,1,0,,1/4/2015,1/8/2015
149,07/24/1789,0,closed,0,0,Listed as closed in Hadamowsky.,1/4/2015,1/9/2015
150,07/25/1789,3066,regular,0,0,,1/4/2015,1/8/2015
151,07/26/1789,0,closed,0,0,Listed as closed in Hadamowsky.,1/4/2015,1/9/2015
152,07/27/1789,16124,regular,1,0,"News Of Bastille reaches Vienna, 26 July",1/4/2015,1/8/2015
153,07/28/1789,0,closed,0,0,Listed as closed in Hadamowsky.,1/4/2015,1/9/2015
154,07/29/1789,9636,regular,1,0,,1/4/2015,1/8/2015
155,07/30/1789,0,closed,0,0,Listed as closed in Hadamowsky.,1/4/2015,1/9/2015
156,07/31/1789,10678,regular,1,0,,1/4/2015,1/8/2015
157,08/01/1789,0,closed,0,0,Listed as closed in Hadamowsky.,1/4/2015,1/9/2015
158,08/02/1789,12897,regular,1,0,,1/4/2015,1/8/2015
159,08/03/1789,0,closed,0,0,Listed as closed in Hadamowsky.,1/4/2015,1/9/2015
160,08/04/1789,4199,regular,1,0,,1/4/2015,1/8/2015
161,08/05/1789,0,closed,0,0,Listed as closed in Hadamowsky.,1/4/2015,1/9/2015
162,08/06/1789,8722,regular,1,0,,1/4/2015,1/8/2015
163,08/07/1789,0,closed,0,0,Listed as closed in Hadamowsky.,1/4/2015,1/9/2015
164,08/08/1789,2926,regular,0,0,,1/4/2015,1/8/2015
165,08/09/1789,0,closed,0,0,Listed as closed in Hadamowsky.,1/4/2015,1/10/2015
166,08/10/1789,6071,regular,1,0,,1/4/2015,1/8/2015
167,08/11/1789,0,closed,0,0,Listed as closed in Hadamowsky.,1/4/2015,1/9/2015
168,08/12/1789,8664,regular,1,0,,1/4/2015,1/8/2015
169,08/13/1789,0,closed,0,0,Listed as closed in Hadamowsky.,1/4/2015,1/9/2015
170,08/14/1789,0,closed,0,0,Listed as closed in Hadamowsky.,1/4/2015,1/9/2015
171,08/15/1789,0,closed,0,0,Listed as closed in Hadamowsky.,1/4/2015,1/9/2015
172,08/16/1789,18204,regular,0,0,Premiere.  Not clear if Zinzendorf attends.,1/4/2015,1/8/2015
173,08/17/1789,0,closed,0,0,Anniversary of the death of Emperor Franz Stephan.,1/4/2015,1/9/2015
174,08/18/1789,7490,regular,0,0,Final performance,1/4/2015,1/8/2015
175,08/19/1789,7513,regular,1,0,,1/4/2015,1/8/2015
176,08/20/1789,5339,regular,1,0,,1/4/2015,1/8/2015
177,08/21/1789,3134,regular,1,0,,1/4/2015,1/8/2015
178,08/22/1789,4711,regular,1,1,,1/4/2015,1/8/2015
179,08/23/1789,16054,regular,0,0,,1/4/2015,1/8/2015
180,08/24/1789,14980,regular,1,0,,1/4/2015,1/8/2015
181,08/25/1789,5579,regular,1,0,,1/4/2015,1/8/2015
182,08/26/1789,10066,regular,1,0,,1/4/2015,1/8/2015
183,08/27/1789,9325,regular,1,0,,1/4/2015,1/8/2015
184,08/28/1789,11795,regular,1,0,,1/4/2015,1/8/2015
185,08/29/1789,22609,regular,1,0,New run.  First performance since 18 Dec 1786.,1/4/2015,1/8/2015
186,08/30/1789,25039,regular,1,0,Premiere. Sequel to Farquhar/Schröder Der Ring,1/4/2015,1/9/2015
187,08/31/1789,14754,regular,1,0,,1/4/2015,1/8/2015
188,09/01/1789,28164,regular,1,0,,1/4/2015,1/8/2015
189,09/02/1789,12728,regular,1,0,,1/4/2015,1/8/2015
190,09/03/1789,12718,regular,0,0,,1/4/2015,1/8/2015
191,09/04/1789,2353,regular,0,0,,1/4/2015,1/8/2015
192,09/05/1789,16197,regular,1,0,,1/4/2015,1/8/2015
193,09/06/1789,10177,regular,1,0,Viennese premiere,1/4/2015,1/8/2015
194,09/07/1789,9469,regular,0,0,,1/4/2015,1/8/2015
195,09/08/1789,0,closed,0,0,Birth of the Virgin Mary.,1/4/2015,1/9/2015
196,09/09/1789,10461,regular,1,0,,1/4/2015,1/8/2015
197,09/10/1789,18309,regular,0,0,,1/4/2015,1/8/2015
198,09/11/1789,10589,regular,1,0,,1/4/2015,1/8/2015
199,09/12/1789,6114,regular,0,0,,1/4/2015,1/8/2015
200,09/13/1789,5480,regular,0,0,,1/4/2015,1/8/2015
201,09/14/1789,6641,regular,1,0,,1/4/2015,1/8/2015
202,09/15/1789,27630,regular,1,0,,1/4/2015,1/8/2015
203,09/16/1789,11583,regular,1,0,,1/4/2015,1/8/2015
204,09/17/1789,12115,regular,1,0,,1/4/2015,1/8/2015
205,09/18/1789,16575,regular,1,0,,1/4/2015,1/8/2015
206,09/19/1789,13329,regular,1,0,,1/4/2015,1/8/2015
207,09/20/1789,27328,regular,0,1,"Premiere of Das Liebhaber-Duell.  Final performance on 9/22/1789.Der Vetter in Lissabon described by Hadamowsky as ""Familiengemälde.""",1/4/2015,1/9/2015
208,09/21/1789,5484,regular,1,0,,1/4/2015,1/8/2015
209,09/22/1789,10326,regular,0,1,Final performance of Das Liebhaber-Duell.,1/4/2015,1/9/2015
210,09/23/1789,27540,regular,1,0,First performance since 18 February 1789,1/4/2015,1/8/2015
211,09/24/1789,7791,regular,0,0,She Stoops To Conquer,1/4/2015,1/8/2015
212,09/25/1789,12964,regular,1,0,,1/4/2015,1/8/2015
213,09/26/1789,8188,regular,1,0,,1/4/2015,1/8/2015
214,09/27/1789,16587,regular,1,0,,1/4/2015,1/8/2015
215,09/28/1789,6632,regular,1,0,Not named in Zinzendorf,1/4/2015,1/8/2015
216,09/29/1789,7197,regular,1,0,,1/4/2015,1/8/2015
217,09/30/1789,11630,regular,0,0,,1/4/2015,1/8/2015
218,10/01/1789,4042,regular,0,0,,1/4/2015,1/8/2015
219,10/02/1789,13436,regular,0,0,,1/4/2015,1/8/2015
220,10/03/1789,14116,regular,0,0,,1/4/2015,1/8/2015
221,10/04/1789,33541,regular,0,0,,1/4/2015,1/8/2015
222,10/05/1789,9436,regular,1,0,,1/4/2015,1/8/2015
223,10/06/1789,27710,regular,1,0,Premiere,1/4/2015,1/8/2015
224,10/07/1789,11621,regular,1,0,,1/4/2015,1/8/2015
225,10/08/1789,17991,regular,0,0,Zinzendorf at Theater auf Der Wieden,1/4/2015,1/8/2015
226,10/09/1789,10932,regular,1,0,,1/4/2015,1/8/2015
227,10/10/1789,12488,regular,0,0,,1/4/2015,1/8/2015
228,10/11/1789,8192,regular,1,0,,1/4/2015,1/8/2015
229,10/12/1789,24544,regular,1,0,"Final Performance.News of the taking of Belgrade reaches Vienna on 12 Oct.  ""Free"" day on 14 Oct is part of celebration.",1/4/2015,1/9/2015
230,10/13/1789,10385,regular,1,0,,1/4/2015,1/8/2015
231,10/14/1789,0,free,1,1,"""Frey"" on account of taking of Belgrade.",1/4/2015,1/9/2015
232,10/15/1789,0,closed,0,0,St. Theresa's Day,1/4/2015,1/9/2015
233,10/16/1789,4817,regular,1,0,,1/4/2015,1/8/2015
234,10/17/1789,14761,regular,1,0,,1/4/2015,1/8/2015
235,10/18/1789,22722,regular,1,0,First performance since 23 February 1789,1/4/2015,1/8/2015
236,10/19/1789,26458,regular,1,0,First performance since 8 January 1782,1/4/2015,1/8/2015
237,10/20/1789,5690,regular,1,0,,1/4/2015,1/8/2015
238,10/21/1789,19613,regular,1,0,,1/4/2015,1/8/2015
239,10/22/1789,4989,regular,1,0,,1/4/2015,1/8/2015
240,10/23/1789,10883,regular,1,0,,1/4/2015,1/8/2015
241,10/24/1789,12593,regular,0,0,,1/4/2015,1/8/2015
242,10/25/1789,18703,regular,1,0,Not clear if Zinzendorf at this play,1/4/2015,1/8/2015
243,10/26/1789,7528,regular,1,0,,1/4/2015,1/8/2015
244,10/27/1789,9076,regular,1,0,,1/4/2015,1/8/2015
245,10/28/1789,11638,regular,1,0,,1/4/2015,1/8/2015
246,10/29/1789,11377,regular,1,0,,1/4/2015,1/8/2015
247,10/30/1789,14090,regular,1,0,,1/4/2015,1/8/2015
248,10/31/1789,13689,regular,1,1,Premiere of Viel gewagt und nichts gewonnen.,1/4/2015,1/9/2015
249,11/01/1789,12363,regular,1,0,,1/4/2015,1/8/2015
250,11/02/1789,19185,regular,1,0,,1/4/2015,1/8/2015
251,11/03/1789,12974,regular,1,0,,1/4/2015,1/8/2015
252,11/04/1789,19393,regular,1,0,,1/4/2015,1/8/2015
253,11/05/1789,13229,regular,1,0,,1/4/2015,1/8/2015
254,11/06/1789,13392,regular,1,0,,1/4/2015,1/8/2015
255,11/07/1789,10410,regular,0,0,,1/4/2015,1/8/2015
256,11/08/1789,28812,regular,1,0,,1/4/2015,1/8/2015
257,11/09/1789,15333,regular,1,0,New run. First performance since 9 August 1787,1/4/2015,1/8/2015
258,11/10/1789,10855,regular,1,0,Final performance.  Zinzendorf?,1/4/2015,1/8/2015
259,11/11/1789,7781,regular,1,0,,1/4/2015,1/8/2015
260,11/12/1789,11005,regular,0,0,Zinzendorf Ill?,1/4/2015,1/8/2015
261,11/13/1789,13013,regular,0,0,Zinzendorf Ill,1/4/2015,1/8/2015
262,11/14/1789,27996,regular,0,0,Premiere,1/4/2015,1/8/2015
263,11/15/1789,13691,regular,0,0,,1/4/2015,1/8/2015
264,11/16/1789,37378,regular,1,0,,1/4/2015,1/8/2015
265,11/17/1789,11426,regular,1,0,,1/4/2015,1/8/2015
266,11/18/1789,23404,regular,1,0,,1/4/2015,1/8/2015
267,11/19/1789,16039,regular,1,0,,1/4/2015,1/8/2015
268,11/20/1789,36682,regular,1,0,,1/4/2015,1/8/2015
269,11/21/1789,4764,regular,0,0,,1/4/2015,1/8/2015
270,11/22/1789,35065,regular,0,0,,1/4/2015,1/8/2015
271,11/23/1789,11713,regular,1,0,,1/4/2015,1/8/2015
272,11/24/1789,8952,regular,1,0,,1/4/2015,1/8/2015
273,11/25/1789,8828,regular,1,0,,1/4/2015,1/8/2015
274,11/26/1789,12778,regular,1,0,Adaptation of Cymbeline,1/4/2015,1/9/2015
275,11/27/1789,9503,regular,1,0,,1/4/2015,1/8/2015
276,11/28/1789,0,closed,0,0,Anniversary of the death of Maria Theresia,1/4/2015,1/9/2015
277,11/29/1789,0,closed,0,0,Listed as closed in Hadamowsky.,1/4/2015,1/9/2015
278,11/30/1789,40072,regular,1,0,,1/4/2015,1/8/2015
279,12/01/1789,6173,regular,1,0,,1/4/2015,1/8/2015
280,12/02/1789,14235,regular,1,0,,1/4/2015,1/8/2015
281,12/03/1789,4053,regular,0,0,,1/4/2015,1/8/2015
282,12/04/1789,14377,regular,1,1,,1/4/2015,1/8/2015
283,12/05/1789,6771,regular,1,0,,1/4/2015,1/8/2015
284,12/06/1789,21758,regular,1,0,,1/4/2015,1/8/2015
285,12/07/1789,8570,regular,1,0,,1/4/2015,1/8/2015
286,12/08/1789,34938,regular,1,0,,1/4/2015,1/8/2015
287,12/09/1789,2768,regular,0,0,,1/4/2015,1/8/2015
288,12/10/1789,12558,regular,1,0,Landliche Sittengemälde,1/4/2015,1/8/2015
289,12/11/1789,29121,regular,1,0,Premiere,1/4/2015,1/8/2015
290,12/12/1789,10721,regular,1,0,,1/4/2015,1/8/2015
291,12/13/1789,27818,regular,1,0,,1/4/2015,1/8/2015
292,12/14/1789,31281,regular,1,0,,1/4/2015,1/8/2015
293,12/15/1789,16695,regular,1,0,,1/4/2015,1/8/2015
294,12/16/1789,8889,regular,0,0,,1/4/2015,1/8/2015
295,12/17/1789,7397,regular,1,0,Hadamowsky has 'La cifra',1/4/2015,1/8/2015
296,12/18/1789,24996,regular,0,0,,1/4/2015,1/8/2015
297,12/19/1789,3188,regular,0,0,,1/4/2015,1/8/2015
298,12/20/1789,22286,regular,1,0,,1/4/2015,1/8/2015
299,12/21/1789,16943,regular,1,0,,1/4/2015,1/8/2015
300,12/22/1789,0,concert,0,0,Concert of the Tonkünstler-Societät,1/4/2015,1/9/2015
301,12/23/1789,0,concert,0,0,Concert of the Tonkünstler-Societät,1/4/2015,1/9/2015
302,12/24/1789,0,closed,0,0,Listed as closed in Hadamowsky.Presumably closed for Christmas.,1/4/2015,1/9/2015
303,12/25/1789,0,closed,0,0,Christmas,1/4/2015,1/9/2015
304,12/26/1789,31953,regular,1,0,,1/4/2015,1/8/2015
305,12/27/1789,21934,regular,1,0,First opera after Christmas break,1/4/2015,1/8/2015
306,12/28/1789,25979,regular,1,0,Premiere,1/4/2015,1/8/2015
307,12/29/1789,10205,regular,1,0,,1/4/2015,1/8/2015
308,12/30/1789,10421,regular,0,0,,1/4/2015,1/8/2015
309,12/31/1789,9914,regular,0,0,,1/4/2015,1/8/2015
310,01/01/1790,25930,regular,0,0,"Listed in Hadamowsky, but no receipts In M 4000",1/4/2015,1/8/2015
311,01/02/1790,13690,regular,1,0,,1/4/2015,1/8/2015
312,01/03/1790,34322,regular,0,0,,1/4/2015,1/8/2015
313,01/04/1790,7021,regular,0,0,Final performance,1/4/2015,1/8/2015
314,01/05/1790,16885,regular,1,0,,1/4/2015,1/8/2015
315,01/06/1790,6624,regular,0,0,,1/4/2015,1/8/2015
316,01/07/1790,35181,regular,1,0,,1/4/2015,1/8/2015
317,01/08/1790,12281,regular,0,0,,1/4/2015,1/8/2015
318,01/09/1790,22681,regular,1,0,,1/4/2015,1/8/2015
319,01/10/1790,18537,regular,0,0,,1/4/2015,1/8/2015
320,01/11/1790,11762,regular,0,0,,1/4/2015,1/8/2015
321,01/12/1790,8534,regular,0,0,,1/4/2015,1/8/2015
322,01/13/1790,20210,regular,0,0,In adaptation by Brockmann,1/4/2015,1/8/2015
323,01/14/1790,2872,regular,0,0,,1/4/2015,1/8/2015
324,01/15/1790,9771,regular,0,0,,1/4/2015,1/8/2015
325,01/16/1790,12100,regular,0,0,Michtner has 'Il burbero di buon cuore',1/4/2015,1/8/2015
326,01/17/1790,11716,regular,0,0,,1/4/2015,1/8/2015
327,01/18/1790,18141,regular,0,0,,1/4/2015,1/8/2015
328,01/19/1790,10632,regular,1,1,,1/4/2015,1/9/2015
329,01/20/1790,5931,regular,0,0,,1/4/2015,1/8/2015
330,01/21/1790,13848,regular,1,1,,1/4/2015,1/9/2015
331,01/22/1790,12665,regular,1,0,,1/4/2015,1/8/2015
332,01/23/1790,21679,regular,1,0,Premiere,1/4/2015,1/8/2015
333,01/24/1790,11566,regular,0,0,,1/4/2015,1/8/2015
334,01/25/1790,5422,regular,0,0,Final performance,1/4/2015,1/8/2015
335,01/26/1790,33199,regular,1,0,World premiere,1/4/2015,1/8/2015
336,01/27/1790,16166,regular,1,0,,1/4/2015,1/8/2015
337,01/28/1790,18311,regular,1,0,,1/4/2015,1/8/2015
338,01/29/1790,26790,regular,1,0,,1/4/2015,1/8/2015
339,01/30/1790,13425,regular,1,0,,1/4/2015,1/8/2015
340,01/31/1790,15136,regular,0,1,,1/4/2015,1/9/2015
341,02/01/1790,10881,regular,1,0,,1/4/2015,1/8/2015
342,02/02/1790,21784,regular,0,0,,1/4/2015,1/8/2015
343,02/03/1790,7350,regular,1,0,Zinzendorf has Axur,1/4/2015,1/8/2015
344,02/04/1790,9408,regular,1,0,,1/4/2015,1/8/2015
345,02/05/1790,15219,regular,0,0,Zinzendorf at private Theater of Colalto,1/4/2015,1/8/2015
346,02/06/1790,14990,regular,1,0,,1/4/2015,1/8/2015
347,02/07/1790,20586,regular,1,0,,1/4/2015,1/8/2015
348,02/08/1790,20831,regular,0,0,,1/4/2015,1/8/2015
349,02/09/1790,11543,regular,0,0,,1/4/2015,1/8/2015
350,02/10/1790,11352,regular,0,0,,1/4/2015,1/8/2015
351,02/11/1790,14043,regular,1,0,Last opera performance before death of Joseph II,1/4/2015,1/9/2015
352,02/12/1790,0,canceled,0,0,"Listed in Hadamowsky, but no receipts in M 4000, so the performance was presumably announced, but canceled, presumably because of illness of Archduchess Elisabeth and/or Emperor Joseph.",1/4/2015,1/9/2015
353,02/13/1790,0,closed,0,0,Theater closed on account of the illness Archduchess Elisabeth?,1/4/2015,1/9/2015
354,02/14/1790,0,closed,0,0,Theater closed on account of the illness Archduchess Elisabeth?,1/4/2015,1/9/2015
355,02/15/1790,0,closed,0,0,Theater closed on account of the illness Archduchess Elisabeth?,1/4/2015,1/9/2015
356,02/16/1790,0,closed,0,0,Theater closed on account of the illness Archduchess Elisabeth?,1/4/2015,1/9/2015
357,02/17/1790,0,closed,0,0,Theater closed on account of the illness Archduchess Elisabeth?Ash Wednesday,1/4/2015,1/9/2015
358,02/18/1790,0,closed,0,0,Death of Archduchess Elisabeth,1/4/2015,1/9/2015
359,02/19/1790,0,closed,0,0,"Death of Archduchess Elisabeth, illness of Emperor.",1/4/2015,1/9/2015
360,02/20/1790,0,closed,0,0,"Death of Emperor Joseph II. The Burgtheater remained closed during the mourning period, through 11 Apr 1790.",1/4/2015,1/9/2015
361,02/21/1790,0,closed,0,0,,1/4/2015,1/10/2015
362,02/22/1790,0,closed,0,0,,1/4/2015,1/10/2015
363,02/23/1790,0,closed,0,0,,1/4/2015,1/10/2015
364,02/24/1790,0,closed,0,0,,1/4/2015,1/10/2015
365,02/25/1790,0,closed,0,0,,1/4/2015,1/10/2015
366,02/26/1790,0,closed,0,0,,1/4/2015,1/10/2015
367,02/27/1790,0,closed,0,0,,1/4/2015,1/10/2015
368,02/28/1790,0,closed,0,0,,1/4/2015,1/10/2015
369,03/01/1790,0,closed,0,0,,1/4/2015,1/10/2015
370,03/02/1790,0,closed,0,0,,1/4/2015,1/10/2015
371,03/03/1790,0,closed,0,0,,1/4/2015,1/10/2015
372,03/04/1790,0,closed,0,0,,1/4/2015,1/10/2015
373,03/05/1790,0,closed,0,0,,1/4/2015,1/10/2015
374,03/06/1790,0,closed,0,0,,1/4/2015,1/10/2015
375,03/07/1790,0,closed,0,0,,1/4/2015,1/10/2015
376,03/08/1790,0,closed,0,0,,1/4/2015,1/10/2015
377,03/09/1790,0,closed,0,0,,1/4/2015,1/10/2015
378,03/10/1790,0,closed,0,0,,1/4/2015,1/10/2015
379,03/11/1790,0,closed,0,0,,1/4/2015,1/10/2015
380,03/12/1790,0,closed,0,0,,1/4/2015,1/10/2015
381,03/13/1790,0,closed,0,0,,1/4/2015,1/10/2015
382,03/14/1790,0,closed,0,0,,1/4/2015,1/10/2015
383,03/15/1790,0,closed,0,0,,1/4/2015,1/10/2015
384,03/16/1790,0,closed,0,0,,1/4/2015,1/10/2015
385,03/17/1790,0,closed,0,0,,1/4/2015,1/10/2015
386,03/18/1790,0,closed,0,0,,1/4/2015,1/10/2015
387,03/19/1790,0,closed,0,0,,1/4/2015,1/10/2015
388,03/20/1790,0,closed,0,0,,1/4/2015,1/10/2015
389,03/21/1790,0,closed,0,0,,1/4/2015,1/10/2015
390,03/22/1790,0,closed,0,0,,1/4/2015,1/10/2015
391,03/23/1790,0,closed,0,0,,1/4/2015,1/10/2015
392,03/24/1790,0,closed,0,0,,1/4/2015,1/10/2015
393,03/25/1790,0,closed,0,0,,1/4/2015,1/10/2015
394,03/26/1790,0,closed,0,0,,1/4/2015,1/10/2015
395,03/27/1790,0,closed,0,0,,1/4/2015,1/10/2015
396,03/28/1790,0,closed,0,0,,1/4/2015,1/10/2015
397,03/29/1790,0,closed,0,0,,1/4/2015,1/10/2015
398,03/30/1790,0,closed,0,0,,1/4/2015,1/10/2015
399,03/31/1790,0,closed,0,0,,1/4/2015,1/10/2015
400,04/01/1790,0,closed,0,0,,1/4/2015,1/10/2015
401,04/02/1790,0,closed,0,0,,1/4/2015,1/10/2015
402,04/03/1790,0,closed,0,0,,1/4/2015,1/10/2015
403,04/04/1790,0,closed,0,0,,1/4/2015,1/10/2015
404,04/05/1790,0,closed,0,0,,1/4/2015,1/10/2015
405,04/06/1790,0,closed,0,0,,1/4/2015,1/10/2015
406,04/07/1790,0,closed,0,0,,1/4/2015,1/10/2015
407,04/08/1790,0,closed,0,0,,1/4/2015,1/10/2015
408,04/09/1790,0,closed,0,0,,1/4/2015,1/10/2015
409,04/10/1790,0,closed,0,0,,1/4/2015,1/10/2015
410,04/11/1790,0,closed,0,0,,1/4/2015,1/10/2015
411,04/12/1790,31858,regular,0,0,PremiereFirst performance in the Burgtheater after the long closure during the period of mourning after the death of Emperor Joseph II.,1/4/2015,1/10/2015
412,04/13/1790,32162,regular,1,0,Viennese premiere,1/4/2015,1/8/2015
413,04/14/1790,16470,regular,1,0,,1/4/2015,1/8/2015
414,04/15/1790,10244,regular,1,0,,1/4/2015,1/8/2015
415,04/16/1790,13710,regular,1,0,,1/4/2015,1/8/2015
416,04/17/1790,18701,regular,1,0,,1/4/2015,1/8/2015
417,04/18/1790,26038,regular,1,0,Zinzendorf sees a play Les deux R??,1/4/2015,1/8/2015
418,04/19/1790,36191,regular,1,0,New Run.  First performance since 5 February 1787,1/4/2015,1/8/2015
419,04/20/1790,12411,regular,0,1,,1/4/2015,1/9/2015
420,04/21/1790,18716,regular,1,0,,1/4/2015,1/8/2015
421,04/22/1790,19815,regular,1,0,,1/4/2015,1/8/2015
422,04/23/1790,4531,regular,0,0,,1/4/2015,1/8/2015
423,04/24/1790,20009,regular,1,0,Premiere,1/4/2015,1/8/2015
424,04/25/1790,17040,regular,0,0,,1/4/2015,1/8/2015
425,04/26/1790,27145,regular,1,0,,1/4/2015,1/8/2015
426,04/27/1790,8445,regular,1,0,,1/4/2015,1/8/2015
427,04/28/1790,6362,regular,0,0,,1/4/2015,1/8/2015
428,04/29/1790,14601,regular,1,0,,1/4/2015,1/8/2015
429,04/30/1790,23554,regular,1,0,,1/4/2015,1/8/2015
430,05/01/1790,9443,regular,1,0,,1/4/2015,1/8/2015
431,05/02/1790,16360,regular,1,0,,1/4/2015,1/8/2015
432,05/03/1790,8151,regular,1,0,,1/4/2015,1/8/2015
433,05/04/1790,10043,regular,0,0,,1/4/2015,1/8/2015
434,05/05/1790,12173,regular,1,0,,1/4/2015,1/8/2015
435,05/06/1790,16470,regular,0,0,,1/4/2015,1/8/2015
436,05/07/1790,8521,regular,1,0,,1/4/2015,1/8/2015
437,05/08/1790,8289,regular,0,0,,1/4/2015,1/8/2015
438,05/09/1790,12691,regular,0,0,,1/4/2015,1/8/2015
439,05/10/1790,18247,regular,1,0,Premiere,1/4/2015,1/8/2015
440,05/11/1790,7335,regular,1,0,,1/4/2015,1/8/2015
441,05/12/1790,14918,regular,1,0,,1/4/2015,1/8/2015
442,05/13/1790,13289,regular,0,0,,1/4/2015,1/8/2015
443,05/14/1790,25664,regular,1,0,,1/4/2015,1/8/2015
444,05/15/1790,7481,regular,1,0,,1/4/2015,1/8/2015
445,05/16/1790,11878,regular,0,0,,1/4/2015,1/8/2015
446,05/17/1790,6662,regular,0,0,,1/4/2015,1/8/2015
447,05/18/1790,3643,regular,0,0,Final performance,1/4/2015,1/8/2015
448,05/19/1790,4129,regular,0,0,Conflict with court event?,1/4/2015,1/8/2015
449,05/20/1790,12364,regular,0,0,Zinzendorf's girlfriend ill?,1/4/2015,1/8/2015
450,05/21/1790,9026,regular,0,0,,1/4/2015,1/8/2015
451,05/22/1790,7623,regular,0,0,,1/4/2015,1/8/2015
452,05/23/1790,0,closed,0,0,Pfingstsonntag (Pentecost),1/4/2015,1/10/2015
453,05/24/1790,21373,regular,1,0,Premiere,1/4/2015,1/8/2015
454,05/25/1790,6949,regular,0,0,Ländliches Sittengemälde,1/4/2015,1/8/2015
455,05/26/1790,21941,regular,1,0,Misdated in M 4000,1/4/2015,1/8/2015
456,05/27/1790,14422,regular,0,0,,1/4/2015,1/8/2015
457,05/28/1790,18945,regular,0,0,,1/4/2015,1/8/2015
458,05/29/1790,5681,regular,0,0,,1/4/2015,1/8/2015
459,05/30/1790,4236,regular,0,0,,1/4/2015,1/8/2015
460,05/31/1790,8291,regular,0,0,,1/4/2015,1/8/2015
461,06/01/1790,7597,regular,1,0,,1/4/2015,1/8/2015
462,06/02/1790,4316,regular,1,0,,1/4/2015,1/8/2015
463,06/03/1790,0,closed,0,0,Corpus Christi,1/4/2015,1/9/2015
464,06/04/1790,10934,regular,0,0,,1/4/2015,1/8/2015
465,06/05/1790,11075,regular,0,0,,1/4/2015,1/8/2015
466,06/06/1790,7989,regular,1,0,,1/4/2015,1/8/2015
467,06/07/1790,15165,regular,1,0,,1/4/2015,1/8/2015
468,06/08/1790,5569,regular,1,0,,1/4/2015,1/8/2015
469,06/09/1790,17630,regular,1,0,Premiere,1/4/2015,1/8/2015
470,06/10/1790,18410,regular,1,0,,1/4/2015,1/8/2015
471,06/11/1790,5704,regular,0,0,,1/4/2015,1/8/2015
472,06/12/1790,4560,regular,0,0,Mozart conducts,1/4/2015,1/8/2015
473,06/13/1790,10300,regular,0,0,Final performance,1/4/2015,1/8/2015
474,06/14/1790,6728,regular,1,0,,1/4/2015,1/8/2015
475,06/15/1790,4657,regular,1,0,,1/4/2015,1/8/2015
476,06/16/1790,14247,regular,1,0,,1/4/2015,1/8/2015
477,06/17/1790,5765,regular,0,0,,1/4/2015,1/8/2015
478,06/18/1790,8164,regular,0,0,,1/4/2015,1/8/2015
479,06/19/1790,7241,regular,1,0,,1/4/2015,1/8/2015
480,06/20/1790,11030,regular,1,0,,1/4/2015,1/8/2015
481,06/21/1790,3788,regular,0,0,,1/4/2015,1/8/2015
482,06/22/1790,5648,regular,0,0,,1/4/2015,1/8/2015
483,06/23/1790,8218,regular,1,0,,1/4/2015,1/8/2015
484,06/24/1790,4657,regular,0,0,,1/4/2015,1/8/2015
485,06/25/1790,4922,regular,0,0,Zinzendorf reports large storm.,1/4/2015,1/8/2015
486,06/26/1790,8644,regular,0,0,Cancelled on account of illness of Benucci?,1/4/2015,1/8/2015
487,06/27/1790,14257,regular,1,0,,1/4/2015,1/8/2015
488,06/28/1790,9159,regular,0,0,,1/4/2015,1/8/2015
489,06/29/1790,22605,regular,1,0,Premiere,1/4/2015,1/8/2015
490,06/30/1790,6639,regular,1,0,,1/4/2015,1/8/2015
491,07/01/1790,10151,regular,0,0,,1/4/2015,1/8/2015
492,07/02/1790,9244,regular,1,0,,1/4/2015,1/8/2015
493,07/03/1790,8373,regular,1,1,,1/4/2015,1/9/2015
494,07/04/1790,27794,regular,1,0,,1/4/2015,1/8/2015
495,07/05/1790,4710,regular,0,0,,1/4/2015,1/8/2015
496,07/06/1790,8489,regular,1,0,,1/4/2015,1/8/2015
497,07/07/1790,5269,regular,1,0,,1/4/2015,1/8/2015
498,07/08/1790,14734,regular,0,0,,1/4/2015,1/8/2015
499,07/09/1790,6138,regular,0,0,,1/4/2015,1/8/2015
500,07/10/1790,8095,regular,0,0,,1/4/2015,1/8/2015
501,07/11/1790,13910,regular,1,0,,1/4/2015,1/8/2015
502,07/12/1790,11802,regular,0,0,,1/4/2015,1/8/2015
503,07/13/1790,5736,regular,1,0,,1/4/2015,1/8/2015
504,07/14/1790,7137,regular,0,0,,1/4/2015,1/8/2015
505,07/15/1790,17303,regular,0,0,,1/4/2015,1/8/2015
506,07/16/1790,7977,regular,0,0,,1/4/2015,1/8/2015
507,07/17/1790,8618,regular,1,0,,1/4/2015,1/8/2015
508,07/18/1790,17458,regular,1,0,,1/4/2015,1/8/2015
509,07/19/1790,8258,regular,0,0,Final performance,1/4/2015,1/8/2015
510,07/20/1790,9953,regular,1,0,,1/4/2015,1/8/2015
511,07/21/1790,10200,regular,0,0,,1/4/2015,1/8/2015
512,07/22/1790,7512,regular,0,0,,1/4/2015,1/8/2015
513,07/23/1790,6046,regular,1,0,,1/4/2015,1/8/2015
514,07/24/1790,10844,regular,1,0,,1/4/2015,1/8/2015
515,07/25/1790,9556,regular,1,0,,1/4/2015,1/8/2015
516,07/26/1790,3821,regular,1,0,,1/4/2015,1/8/2015
517,07/27/1790,9516,regular,0,0,,1/4/2015,1/8/2015
518,07/28/1790,7813,regular,1,0,Premiere. Adaptation of Tom Jones,1/4/2015,1/8/2015
519,07/29/1790,6634,regular,1,0,,1/4/2015,1/8/2015
520,07/30/1790,8560,regular,1,0,,1/4/2015,1/8/2015
521,07/31/1790,8562,regular,1,0,Final performance,1/4/2015,1/8/2015
522,08/01/1790,6676,regular,0,0,,1/4/2015,1/8/2015
523,08/02/1790,22189,regular,1,0,,1/4/2015,1/8/2015
524,08/03/1790,5373,regular,0,0,,1/4/2015,1/8/2015
525,08/04/1790,16914,regular,1,0,,1/4/2015,1/8/2015
526,08/05/1790,10536,regular,1,0,,1/4/2015,1/8/2015
527,08/06/1790,8468,regular,0,1,Zinzendorf at Comedies de Societe at Lichnowsky's,1/4/2015,1/9/2015
528,08/07/1790,7302,regular,1,0,,1/4/2015,1/8/2015
529,08/08/1790,9287,regular,0,0,,1/4/2015,1/8/2015
530,08/09/1790,9733,regular,1,0,,1/4/2015,1/8/2015
531,08/10/1790,9886,regular,1,1,,1/4/2015,1/8/2015
532,08/11/1790,7689,regular,0,0,,1/4/2015,1/8/2015
533,08/12/1790,8758,regular,0,1,,1/4/2015,1/8/2015
534,08/13/1790,25058,regular,1,0,Viennese premiere,1/4/2015,1/8/2015
535,08/14/1790,12177,regular,1,1,Premier of Die Adelsucht.,1/4/2015,1/9/2015
536,08/15/1790,5887,regular,0,0,,1/4/2015,1/8/2015
537,08/16/1790,26994,regular,0,1,Winter is presumably the composer of incidental music for Der Bettelstudent.,1/4/2015,2/4/2015
538,08/17/1790,0,closed,0,0,Anniversary of the death of Francis Stephan,1/4/2015,1/9/2015
539,08/18/1790,15373,regular,1,0,,1/4/2015,1/8/2015
540,08/19/1790,13685,regular,1,0,,1/4/2015,1/8/2015
541,08/20/1790,14696,regular,0,0,,1/4/2015,1/8/2015
542,08/21/1790,31466,regular,0,1,,1/4/2015,1/8/2015
543,08/22/1790,16605,regular,0,0,,1/4/2015,1/8/2015
544,08/23/1790,12548,regular,0,1,,1/4/2015,1/8/2015
545,08/24/1790,7110,regular,1,0,,1/4/2015,1/8/2015
546,08/25/1790,12570,regular,1,0,,1/4/2015,1/8/2015
547,08/26/1790,14527,regular,0,0,,1/4/2015,1/8/2015
548,08/27/1790,7567,regular,1,0,Zinzendorf attendance unclear,1/4/2015,1/8/2015
549,08/28/1790,13232,regular,0,0,,1/4/2015,1/8/2015
550,08/29/1790,25552,regular,0,1,,1/4/2015,1/12/2015
551,08/30/1790,8563,regular,0,0,,1/4/2015,1/8/2015
552,08/31/1790,15746,regular,1,0,,1/4/2015,1/8/2015
553,09/01/1790,15422,regular,1,0,,1/4/2015,1/8/2015
554,09/02/1790,12769,regular,1,0,Familiengemälde,1/4/2015,1/8/2015
555,09/03/1790,10701,regular,1,0,,1/4/2015,1/8/2015
556,09/04/1790,24203,regular,0,0,,1/4/2015,1/8/2015
557,09/05/1790,15745,regular,0,0,,1/4/2015,1/8/2015
558,09/06/1790,15256,regular,1,1,,1/4/2015,1/8/2015
559,09/07/1790,10422,regular,0,0,Zinzendorf has Verirrung ohne Laster,1/4/2015,1/8/2015
560,09/08/1790,0,closed,0,0,Birth of the Virgin Mary,1/4/2015,1/9/2015
561,09/09/1790,12963,regular,1,0,,1/4/2015,1/8/2015
562,09/10/1790,23296,regular,1,0,,1/4/2015,1/8/2015
563,09/11/1790,8401,regular,0,1,Zinzendorf at private theater performance at Buquoy's.,1/4/2015,1/9/2015
564,09/12/1790,21880,regular,0,0,,1/4/2015,1/8/2015
565,09/13/1790,15356,regular,1,0,,1/4/2015,1/8/2015
566,09/14/1790,24824,regular,1,0,,1/4/2015,1/8/2015
567,09/15/1790,36989,regular,1,1,PremiereCheck: unusual doubling of opera and play? The doubling is given in Hadamowsky.,1/4/2015,1/9/2015
568,09/16/1790,18641,regular,1,0,,1/4/2015,1/8/2015
569,09/17/1790,3680,regular,1,0,,1/4/2015,1/8/2015
570,09/18/1790,13244,regular,1,0,,1/4/2015,1/8/2015
571,09/19/1790,0,free,0,0,"""Freykomodie"" on account of Triple Marriage",1/4/2015,1/10/2015
572,09/20/1790,20903,regular,1,0,First opera attendance by Leopold II,1/4/2015,1/8/2015
573,09/21/1790,11504,regular,0,0,,1/4/2015,1/8/2015
574,09/22/1790,17515,regular,1,1,,1/4/2015,1/8/2015
575,09/23/1790,12365,regular,1,0,,1/4/2015,1/8/2015
576,09/24/1790,15875,regular,0,0,,1/4/2015,1/8/2015
577,09/25/1790,9366,regular,1,0,,1/4/2015,1/8/2015
578,09/26/1790,22164,regular,0,0,,1/4/2015,1/8/2015
579,09/27/1790,10933,regular,1,0,,1/4/2015,1/8/2015
580,09/28/1790,26686,regular,1,0,Premiere,1/4/2015,1/8/2015
581,09/29/1790,9260,regular,0,0,,1/4/2015,1/8/2015
582,09/30/1790,26854,regular,0,0,,1/4/2015,1/8/2015
583,10/01/1790,6566,regular,1,0,,1/4/2015,1/8/2015
584,10/02/1790,10199,regular,0,0,,1/4/2015,1/8/2015
585,10/03/1790,19156,regular,0,0,New run. First performance since 8 January 1787,1/4/2015,1/8/2015
586,10/04/1790,24912,regular,0,0,,1/4/2015,1/8/2015
587,10/05/1790,10682,regular,0,0,,1/4/2015,1/8/2015
588,10/06/1790,7217,regular,1,0,,1/4/2015,1/8/2015
589,10/07/1790,7635,regular,0,0,,1/4/2015,1/8/2015
590,10/08/1790,19330,regular,0,0,,1/4/2015,1/8/2015
591,10/09/1790,10925,regular,1,0,,1/4/2015,1/8/2015
592,10/10/1790,31846,regular,1,0,,1/4/2015,1/8/2015
593,10/11/1790,7888,regular,1,0,,1/4/2015,1/8/2015
594,10/12/1790,14798,regular,0,0,,1/4/2015,1/8/2015
595,10/13/1790,10797,regular,0,0,,1/4/2015,1/8/2015
596,10/14/1790,12834,regular,1,0,,1/4/2015,1/8/2015
597,10/15/1790,0,closed,0,0,St. Theresa's Day,1/4/2015,1/9/2015
598,10/16/1790,7123,regular,0,0,,1/4/2015,1/8/2015
599,10/17/1790,25459,regular,0,0,,1/4/2015,1/8/2015
600,10/18/1790,9561,regular,1,0,,1/4/2015,1/8/2015
601,10/19/1790,9474,regular,1,1,,1/4/2015,1/8/2015
602,10/20/1790,14942,regular,0,0,,1/4/2015,1/8/2015
603,10/21/1790,15656,regular,0,0,,1/4/2015,1/8/2015
604,10/22/1790,9149,regular,0,0,,1/4/2015,1/8/2015
605,10/23/1790,7937,regular,1,0,,1/4/2015,1/8/2015
606,10/24/1790,18871,regular,0,0,,1/4/2015,1/8/2015
607,10/25/1790,24237,regular,1,0,Premiere. Familiengemälde,1/4/2015,1/8/2015
608,10/26/1790,12307,regular,0,0,,1/4/2015,1/8/2015
609,10/27/1790,13944,regular,0,0,,1/4/2015,1/8/2015
610,10/28/1790,8933,regular,1,0,,1/4/2015,1/8/2015
611,10/29/1790,14093,regular,0,0,,1/4/2015,1/8/2015
612,10/30/1790,14193,regular,1,0,,1/4/2015,1/8/2015
613,10/31/1790,34807,regular,0,0,,1/4/2015,1/8/2015
614,11/01/1790,12687,regular,1,0,,1/4/2015,1/8/2015
615,11/02/1790,11798,regular,1,0,,1/4/2015,1/8/2015
616,11/03/1790,12060,regular,1,0,,1/4/2015,1/8/2015
617,11/04/1790,22339,regular,0,0,,1/4/2015,1/8/2015
618,11/05/1790,13990,regular,1,0,,1/4/2015,1/8/2015
619,11/06/1790,15683,regular,0,0,Ländliches Sittengemälde,1/4/2015,1/8/2015
620,11/07/1790,26220,regular,1,0,First performance since 10 July 1790,1/4/2015,1/8/2015
621,11/08/1790,13156,regular,0,0,,1/4/2015,1/8/2015
622,11/09/1790,11381,regular,0,0,,1/4/2015,1/8/2015
623,11/10/1790,12879,regular,0,0,,1/4/2015,1/8/2015
624,11/11/1790,8181,regular,0,0,,1/4/2015,1/8/2015
625,11/12/1790,15542,regular,0,0,,1/4/2015,1/8/2015
626,11/13/1790,22433,regular,1,0,Viennese Premiere,1/4/2015,1/8/2015
627,11/14/1790,22297,regular,0,0,Final performance,1/4/2015,1/8/2015
628,11/15/1790,28728,regular,1,0,,1/4/2015,1/8/2015
629,11/16/1790,13353,regular,0,0,,1/4/2015,1/8/2015
630,11/17/1790,19401,regular,1,0,,1/4/2015,1/8/2015
631,11/18/1790,11899,regular,0,0,,1/4/2015,1/8/2015
632,11/19/1790,8504,regular,0,0,,1/4/2015,1/8/2015
633,11/20/1790,35842,regular,0,0,Premiere,1/4/2015,1/8/2015
634,11/21/1790,26488,regular,0,0,,1/4/2015,1/8/2015
635,11/22/1790,13439,regular,0,0,,1/4/2015,1/8/2015
636,11/23/1790,22990,regular,0,0,,1/4/2015,1/8/2015
637,11/24/1790,11482,regular,0,0,,1/4/2015,1/8/2015
638,11/25/1790,12913,regular,0,0,,1/4/2015,1/8/2015
639,11/26/1790,33628,regular,1,0,,1/4/2015,1/8/2015
640,11/27/1790,15582,regular,0,0,,1/4/2015,1/8/2015
641,11/28/1790,0,closed,0,0,Anniversary of the death of Maria Theresia.  Also Advent Sunday.,1/4/2015,1/10/2015
642,11/29/1790,0,closed,0,0,Day following the anniversary of the death of Maria Theresia.,1/4/2015,1/10/2015
643,11/30/1790,34841,regular,1,0,,1/4/2015,1/8/2015
644,12/01/1790,24078,regular,0,0,,1/4/2015,1/8/2015
645,12/02/1790,11779,regular,0,0,,1/4/2015,1/8/2015
646,12/03/1790,17203,regular,0,0,,1/4/2015,1/8/2015
647,12/04/1790,24807,regular,0,0,,1/4/2015,1/8/2015
648,12/05/1790,18971,regular,1,0,,1/4/2015,1/8/2015
649,12/06/1790,17004,regular,0,0,,1/4/2015,1/8/2015
650,12/07/1790,12699,regular,1,0,,1/4/2015,1/8/2015
651,12/08/1790,32462,regular,0,0,,1/4/2015,1/8/2015
652,12/09/1790,11071,regular,0,0,,1/4/2015,1/8/2015
653,12/10/1790,9501,regular,0,0,,1/4/2015,1/8/2015
654,12/11/1790,9448,regular,0,0,,1/4/2015,1/8/2015
655,12/12/1790,29960,regular,0,0,,1/4/2015,1/8/2015
656,12/13/1790,9475,regular,0,0,,1/4/2015,1/8/2015
657,12/14/1790,13772,regular,0,0,,1/4/2015,1/8/2015
658,12/15/1790,26160,regular,0,0,,1/4/2015,1/8/2015
659,12/16/1790,22142,regular,1,1,Only performance of Fehler in Formalibus.,1/4/2015,1/8/2015
660,12/17/1790,15534,regular,0,0,,1/4/2015,1/8/2015
661,12/18/1790,11408,regular,0,0,,1/4/2015,1/8/2015
662,12/19/1790,27595,regular,0,1,Zinzendorf sees play at Lichnowsky's.,1/4/2015,1/12/2015
663,12/20/1790,28808,regular,0,0,,1/4/2015,1/8/2015
664,12/21/1790,21823,regular,0,0,,1/4/2015,1/8/2015
665,12/22/1790,0,concert,?,0,"Concert of the Tonkünstler-Societät.  Leopold Kozeluch's Moise in Egitto, with a piano concerto by Kozeluch performed by Maria Theresia von Paradies.",1/4/2015,1/10/2015
666,12/23/1790,0,concert,?,0,"Concert of the Tonkünstler-Societät.  Leopold Kozeluch's Moise in Egitto, with Anton Wrantizky performing a violin concerto of his own composition.",1/4/2015,1/10/2015
667,12/24/1790,0,closed,0,0,Theater closed for Christmas.,1/4/2015,1/10/2015
668,12/25/1790,0,closed,0,0,Theater closed for Christmas.,1/4/2015,1/10/2015
669,12/26/1790,26849,regular,0,0,,1/4/2015,1/8/2015
670,12/27/1790,19776,regular,0,0,First performance since 30 January 1789,1/4/2015,1/8/2015
671,12/28/1790,15592,regular,0,0,,1/4/2015,1/8/2015
672,12/29/1790,12266,regular,0,0,,1/4/2015,1/8/2015
673,12/30/1790,21815,regular,0,0,,1/4/2015,1/8/2015
674,12/31/1790,17182,regular,0,0,,1/4/2015,1/8/2015
675,01/01/1791,22743,regular,0,0,,1/4/2015,1/8/2015
676,01/02/1791,21542,regular,0,0,,1/4/2015,1/8/2015
677,01/03/1791,12522,regular,0,0,,1/4/2015,1/8/2015
678,01/04/1791,14778,regular,1,0,,1/4/2015,1/8/2015
679,01/05/1791,38590,regular,0,0,,1/4/2015,1/8/2015
680,01/06/1791,17164,regular,0,0,,1/4/2015,1/8/2015
681,01/07/1791,34394,regular,1,0,,1/4/2015,1/8/2015
682,01/08/1791,13622,regular,0,0,,1/4/2015,1/8/2015
683,01/09/1791,21394,regular,0,0,,1/4/2015,1/8/2015
684,01/10/1791,15382,regular,1,0,,1/4/2015,1/8/2015
685,01/11/1791,36626,regular,1,0,,1/4/2015,1/8/2015
686,01/12/1791,9931,regular,0,0,Zinzendorf at concert at Kinsky's,1/4/2015,1/8/2015
687,01/13/1791,32382,regular,0,0,,1/4/2015,1/8/2015
688,01/14/1791,11138,regular,0,0,,1/4/2015,1/8/2015
689,01/15/1791,10049,regular,0,0,,1/4/2015,1/8/2015
690,01/16/1791,11769,regular,0,0,,1/4/2015,1/8/2015
691,01/17/1791,9603,regular,0,0,,1/4/2015,1/8/2015
692,01/18/1791,19317,regular,0,0,,1/4/2015,1/8/2015
693,01/19/1791,32020,regular,0,0,,1/4/2015,1/8/2015
694,01/20/1791,11051,regular,0,0,Zinzendorf out of town,1/4/2015,1/8/2015
695,01/21/1791,12485,regular,0,0,,1/4/2015,1/8/2015
696,01/22/1791,9087,regular,1,0,,1/4/2015,1/8/2015
697,01/23/1791,16162,regular,0,0,,1/4/2015,1/8/2015
698,01/24/1791,10255,regular,0,0,,1/4/2015,1/8/2015
699,01/25/1791,32364,regular,0,0,,1/4/2015,1/8/2015
700,01/26/1791,10658,regular,0,0,,1/4/2015,1/8/2015
701,01/27/1791,13183,regular,0,0,Final performance,1/4/2015,1/8/2015
702,01/28/1791,16581,regular,0,0,,1/4/2015,1/8/2015
703,01/29/1791,21321,regular,0,0,Emperor at Theater in der Leopoldstadt,1/4/2015,1/8/2015
704,01/30/1791,9602,regular,0,0,,1/4/2015,1/8/2015
705,01/31/1791,10956,regular,0,1,First performance since 9 March 1786.Final performance of Der Kühehirt. First since 11 January 1784.,1/4/2015,1/9/2015
706,02/01/1791,9145,regular,0,0,,1/4/2015,1/8/2015
707,02/02/1791,31394,regular,0,0,,1/4/2015,1/8/2015
708,02/03/1791,8872,regular,0,0,,1/4/2015,1/8/2015
709,02/04/1791,19180,regular,0,0,,1/4/2015,1/8/2015
710,02/05/1791,6097,regular,0,0,Court ball,1/4/2015,1/8/2015
711,02/06/1791,12453,regular,0,0,,1/4/2015,1/8/2015
712,02/07/1791,9511,regular,0,0,Ball given by Neopolitan Ambassador,1/4/2015,1/8/2015
713,02/08/1791,8444,regular,0,1,,1/4/2015,1/8/2015
714,02/09/1791,8718,regular,1,0,"Afterwards, ball at Colloredo's",1/4/2015,1/8/2015
715,02/10/1791,17344,regular,1,0,,1/4/2015,1/8/2015
716,02/11/1791,13112,regular,1,0,,1/4/2015,1/8/2015
717,02/12/1791,11282,regular,0,0,Zinzendorf at another theater?,1/4/2015,1/8/2015
718,02/13/1791,9781,regular,0,0,,1/4/2015,1/8/2015
719,02/14/1791,10114,regular,0,0,,1/4/2015,1/8/2015
720,02/15/1791,24149,regular,1,0,Viennese premiere,1/4/2015,1/8/2015
721,02/16/1791,31604,regular,0,0,Zinzendorf at Colalto's theater,1/4/2015,1/8/2015
722,02/17/1791,16950,regular,1,0,,1/4/2015,1/8/2015
723,02/18/1791,33082,regular,0,0,Final performance,1/4/2015,1/8/2015
724,02/19/1791,7694,regular,0,0,,1/4/2015,1/8/2015
725,02/20/1791,0,closed,0,0,First anniversary of the death of Joseph II,1/4/2015,1/9/2015
726,02/21/1791,0,closed,0,0,Day after the first anniversary of the death of Joseph II.,1/4/2015,1/10/2015
727,02/22/1791,19546,regular,0,0,,1/4/2015,1/8/2015
728,02/23/1791,6098,regular,0,0,,1/4/2015,1/8/2015
729,02/24/1791,26823,regular,0,0,Premiere,1/4/2015,1/8/2015
730,02/25/1791,9913,regular,0,0,,1/4/2015,1/8/2015
731,02/26/1791,23478,regular,1,0,,1/4/2015,1/8/2015
732,02/27/1791,13878,regular,0,0,Final performance,1/4/2015,1/8/2015
733,02/28/1791,30631,regular,0,0,,1/4/2015,1/8/2015
734,03/01/1791,13456,regular,0,0,,1/4/2015,1/8/2015
735,03/02/1791,21558,regular,0,1,Author link is incorrect here.  Brömel wrote Der Adjutant.  The text of Medea is by Gotter.,1/4/2015,1/10/2015
736,03/03/1791,10801,regular,1,0,,1/4/2015,1/8/2015
737,03/04/1791,21493,regular,1,0,,1/4/2015,1/8/2015
738,03/05/1791,9201,regular,0,0,,1/4/2015,1/8/2015
739,03/06/1791,32326,regular,0,1,,1/4/2015,1/8/2015
740,03/07/1791,20601,regular,1,0,,1/4/2015,1/8/2015
741,03/08/1791,32958,regular,1,1,Premiere.  8 March 1791 was in fact Fasching-Dienstag.,1/4/2015,1/9/2015
