event_id,work_id
88,1
138,2
138,3
52,4
52,5
57,6
138,7
1,8
138,9
138,10
52,11
9,12
40,13
138,14
37,15
138,16
138,17
138,18
122,19
124,19
52,20
139,21
34,22
139,23
139,24
52,25
31,26
127,27
137,28
83,29
137,30
137,31
20,32
20,33
80,34
24,34
137,35
83,36
139,37
139,38
137,39
129,40
129,41
129,42
129,43
129,44
129,45
129,46
103,47
84,48
103,49
129,50
129,51
129,52
47,53
84,54
52,55
84,56
133,57
84,58
89,59
84,60
119,61
98,62
81,63
98,64
68,65
98,66
57,67
84,68
61,69
98,70
36,71
84,72
75,73
98,74
75,75
92,76
1,77
84,78
27,79
43,79
92,80
78,81
92,82
64,83
98,84
79,85
98,86
56,87
130,88
128,89
92,90
56,91
130,92
83,93
84,94
129,95
56,96
130,97
70,98
92,99
121,100
130,101
90,102
102,102
98,103
19,104
102,104
92,105
129,106
63,107
112,108
16,109
112,110
16,111
112,112
52,113
92,114
59,115
112,116
23,117
130,118
111,119
43,119
69,120
36,121
104,122
71,123
104,124
71,125
104,126
129,127
98,128
129,129
104,130
129,131
92,132
129,133
98,134
129,135
104,136
129,137
92,138
129,139
94,140
129,141
94,142
129,143
94,144
129,145
104,146
129,147
94,148
129,149
,149
94,150
129,151
130,152
129,153
130,154
129,155
104,156
129,157
130,158
129,159
94,160
129,161
104,162
129,163
94,164
129,165
130,166
129,167
104,168
129,169
129,170
129,171
120,172
129,173
120,174
104,175
16,176
92,177
43,178
102,178
104,179
115,180
92,181
76,182
104,183
42,184
113,185
41,186
113,187
41,188
113,189
1,190
92,191
,191
41,192
91,193
133,194
129,195
104,196
83,197
113,198
56,199
91,200
59,201
130,202
56,203
130,204
52,205
113,206
51,207
12,207
94,208
50,209
12,209
4,210
100,211
4,212
47,213
4,214
40,215
104,216
81,217
94,218
42,219
113,220
41,221
130,222
15,223
4,224
15,225
113,226
89,227
92,228
88,229
4,230
8,231
43,231
129,232
92,233
70,234
95,235
18,236
94,237
41,238
94,239
18,240
113,241
100,242
95,243
64,244
4,245
66,246
104,247
132,248
32,248
95,249
5,250
130,251
41,252
113,253
16,254
4,255
15,256
93,257
56,258
93,259
23,260
113,261
118,262
93,263
118,264
4,265
1,266
104,267
118,268
94,269
118,270
130,271
76,272
4,273
99,274
113,275
129,276
129,277
118,278
93,279
52,280
92,281
101,282
54,282
69,283
15,284
4,285
118,286
94,287
68,288
106,289
14,290
106,291
118,292
106,293
10,294
92,295
118,296
94,297
33,298
106,299
137,300
137,301
129,302
129,303
78,304
106,305
2,306
4,307
2,308
106,309
47,310
130,311
118,312
2,313
53,314
94,315
1,316
113,317
118,318
104,319
15,320
93,321
125,322
94,323
23,324
130,325
100,326
118,327
26,328
59,328
93,329
111,330
43,330
106,331
46,332
130,333
46,334
6,335
89,336
6,337
118,338
6,339
36,340
65,340
113,341
52,342
130,343
18,344
106,345
31,346
6,347
79,348
130,349
124,350
6,351
118,352
129,353
129,354
129,355
129,356
129,357
129,358
129,359
129,360
129,361
129,362
129,363
129,364
129,365
129,366
129,367
129,368
129,369
129,370
129,371
129,372
129,373
129,374
129,375
129,376
129,377
129,378
129,379
129,380
129,381
129,382
129,383
129,384
129,385
129,386
129,387
129,388
129,389
129,390
129,391
129,392
129,393
129,394
129,395
129,396
129,397
129,398
129,399
129,400
129,401
129,402
129,403
129,404
129,405
129,406
129,407
129,408
129,409
129,410
67,411
123,412
67,413
123,414
41,415
104,416
67,417
96,418
90,419
25,419
96,420
118,421
123,422
74,423
104,424
74,425
106,426
86,427
96,428
74,429
113,430
67,431
104,432
52,433
96,434
1,435
113,436
31,437
113,438
58,439
106,440
58,441
96,442
74,443
104,444
58,445
106,446
115,447
113,448
118,449
96,450
58,451
129,452
109,453
68,454
109,455
74,456
109,457
66,458
113,459
67,460
96,461
133,462
129,463
104,464
118,465
6,466
74,467
106,468
134,469
109,470
23,471
6,472
134,473
96,474
33,475
130,476
61,477
104,478
99,479
109,480
57,481
113,482
74,483
106,484
8,485
113,486
36,487
130,488
85,489
96,490
85,491
104,492
80,493
77,493
109,494
66,495
6,496
133,497
109,498
100,499
130,500
85,501
104,502
18,503
106,504
89,505
6,506
64,507
109,508
38,509
96,510
125,511
104,512
58,513
113,514
86,515
113,516
63,517
131,518
131,519
104,520
85,521
130,522
34,523
104,524
67,525
109,526
90,527
54,527
6,528
40,529
109,530
28,531
43,531
96,532
111,533
32,533
110,534
62,535
55,535
110,536
55,537
21,537
129,538
109,539
7,540
104,541
55,542
21,542
113,543
48,544
49,544
96,545
79,546
4,547
13,548
109,549
3,550
58,550
96,551
41,552
4,553
121,554
113,555
1,556
109,557
19,558
26,558
96,559
129,560
96,561
118,562
65,563
55,563
11,564
109,565
74,566
105,567
59,567
109,568
59,569
96,570
72,571
4,572
128,573
22,574
33,574
104,575
5,576
113,577
14,578
109,579
114,580
4,581
114,582
104,583
41,584
87,585
114,586
87,587
100,588
87,589
1,590
109,591
114,592
113,593
52,594
4,595
47,596
129,597
4,598
114,599
96,600
55,601
77,601
114,602
125,603
4,604
64,605
105,606
17,607
109,608
17,609
96,610
114,611
104,612
74,613
105,614
76,615
87,616
118,617
109,618
68,619
130,620
69,621
104,622
15,623
96,624
60,625
108,626
17,627
108,628
5,629
108,630
101,631
96,632
116,633
108,634
36,635
108,636
131,637
104,638
116,639
109,640
129,641
129,642
116,643
108,644
135,645
4,646
74,647
87,648
52,649
109,650
116,651
104,652
16,653
96,654
72,655
87,656
23,657
108,658
136,659
82,659
108,660
15,661
3,662
51,662
116,663
118,664
137,665
137,666
129,667
129,668
114,669
97,670
14,671
97,672
89,673
108,674
114,675
97,676
7,677
113,678
73,679
104,680
73,681
130,682
76,683
109,684
73,685
128,686
73,687
97,688
36,689
96,690
135,691
108,692
73,693
113,694
114,695
87,696
69,697
106,698
73,699
104,700
47,701
108,702
1,703
97,704
44,705
35,705
106,706
73,707
104,708
116,709
104,710
15,711
130,712
55,713
62,713
113,714
89,715
109,716
119,717
97,718
30,719
107,720
73,721
107,722
126,723
96,724
129,725
129,726
70,727
97,728
45,729
130,730
45,731
107,732
73,733
109,734
117,735
19,735
104,736
118,737
97,738
39,739
21,739
108,740
29,741
77,741
